{
  "name": "HiveOS Monitor",
  "description": "Shows current status of HiveOS rigs",
  "enabled": true,
  "route": "/widgets/hive",
  "fields": [
    { "name": "mode", "label": "Mode", "type": "select", "options": [
      {"label": "Single Rig", "value": "rig"},
      {"label": "Whole Farm", "value": "farm"}
    ], "default": "rig" },
    { "name": "token", "label": "API Token", "type": "text", "placeholder": "HiveOS API Token" },
    { "name": "farmId", "label": "Farm ID", "type": "text", "placeholder": "Farm ID" },
    { "name": "workerId", "label": "Worker ID", "type": "text", "placeholder": "Worker ID", "showIf": { "mode": "rig" } }
  ]
}
